code_naf,activite
01.1A,Culture de céréales ; cultures industrielles
01.1C,Culture de légumes ; maraîchage
01.1D,Horticulture ; pépinières
01.1F,Culture fruitière
01.1G,Viticulture
01.2A,Élevage de bovins
01.2C,"Élevage d'ovins, caprins et équidés"
01.2E,Élevage de porcins
01.2G,Élevage de volailles
01.2J,Élevage d'autres animaux
01.3Z,Culture et élevage associés
01.4A,Services aux cultures productives
01.4B,Réalisation et entretien de plantations ornementales
01.4D,Services annexes à l'élevage
01.5Z,Chasse
02.0A,Sylviculture
02.0B,Exploitation forestière
02.0D,Services forestiers
05.0A,Pêche
05.0C,"Pisciculture, aquaculture"
10.1Z,Extraction et agglomération de la houille
10.2Z,Extraction et agglomération du lignite
10.3Z,Extraction et agglomération de la tourbe
11.1Z,Extraction d'hydrocarbures
11.2Z,Services annexes à l'extraction d'hydrocarbures
12.0Z,Extraction de minerais d'uranium
13.1Z,Extraction de minerais de fer
13.2Z,Extraction de minerais de métaux non ferreux
14.1A,Extraction de pierres ornementales et de construction
14.1C,"Extraction de calcaire industriel, de gypse et de craie"
14.1E,Extraction d'ardoise
14.2A,Production de sables et de granulats
14.2C,Extraction d'argiles et de kaolin
14.3Z,Extraction de minéraux pour l'industrie chimique et d'engrais naturels
14.4Z,Production de sel
14.5Z,Activités extractives n.c.a.
15.1A,Production de viandes de boucherie
15.1C,Production de viandes de volailles
15.1E,Préparation industrielle de produits à base de viandes
15.1F,Charcuterie
15.2Z,Industrie du poisson
15.3A,Transformation et conservation de pommes de terre
15.3C,Préparation de jus de fruits et légumes
15.3E,Transformation et conservation de légumes
15.3F,Transformation et conservation de fruits
15.4A,Fabrication d'huiles et graisses brutes
15.4C,Fabrication d'huiles et graisses raffinées
15.4E,Fabrication de margarine
15.5A,Fabrication de lait liquide et de produits frais
15.5B,Fabrication de beurre
15.5C,Fabrication de fromages
15.5D,Fabrication d'autres produits laitiers
15.5F,Fabrication de glaces et sorbets
15.6A,Meunerie
15.6B,Autres activités de travail des grains
15.6D,Fabrication de produits amylacés
15.7A,Fabrication d'aliments pour animaux de ferme
15.7C,Fabrication d'aliments pour animaux de compagnie
15.8A,Fabrication industrielle de pain et de pâtisserie fraîche
15.8B,Cuisson de produits de boulangerie
15.8C,Boulangerie et boulangerie-pâtisserie
15.8D,Pâtisserie
15.8F,"Biscotterie, biscuiterie, pâtisserie de conservation"
15.8H,Fabrication de sucre
15.8K,"Chocolaterie, confiserie"
15.8M,Fabrication de pâtes alimentaires
15.8P,Transformation du thé et du café
15.8R,Fabrication de condiments et assaisonnements
15.8T,Fabrication d'aliments adaptés à l'enfant et diététiques
15.8V,Industries alimentaires n.c.a.
15.9A,Production d'eaux de vie naturelles
15.9B,Fabrication de spiritueux
15.9D,Production d'alcool éthylique de fermentation
15.9F,Champagnisation
15.9G,Vinification
15.9J,Cidrerie
15.9L,Production d'autres boissons fermentées
15.9N,Brasserie
15.9Q,Malterie
15.9S,Industrie des eaux de table
15.9T,Production de boissons rafraîchissantes
16.0Z,Industrie du tabac
17.1A,Filature de l'industrie cotonnière
17.1C,Filature de l'industrie lainière - cycle cardé
17.1E,Préparation de la laine
17.1F,Filature de l'industrie lainière - cycle peigné
17.1H,Préparation et filature du lin
17.1K,Moulinage et texturation de la soie et des textiles artificiels ou synthétiques
17.1M,Fabrication de fils à coudre
17.1P,Préparation et filature d'autres fibres
17.2A,Tissage de l'industrie cotonnière
17.2C,Tissage de l'industrie lainière - cycle cardé
17.2E,Tissage de l'industrie lainière - cycle peigné
17.2G,Tissage de soieries
17.2J,Tissage d'autres textiles
17.3Z,Ennoblissement textile
17.4A,Fabrication de linge de maison et d'articles d'ameublement
17.4B,Fabrication de petits articles textiles de literie
17.4C,Fabrication d'autres articles confectionnés en textile
17.5A,Fabrication de tapis et moquettes
17.5C,"Ficellerie, corderie, fabrication de filets"
17.5E,Fabrication de non-tissés
17.5G,Industries textiles n.c.a.
17.5G,Industrie textile n.c.a.
17.6Z,Fabrication d'étoffes à mailles
17.7A,Fabrication de bas et chaussettes
17.7C,Fabrication de pull-overs et articles similaires
18.1Z,Fabrication de vêtements en cuir
18.2A,Fabrication de vêtements de travail
18.2C,Fabrication de vêtements sur mesure
18.2D,Fabrication de vêtements de dessus pour hommes et garçonnets
18.2E,Fabrication de vêtements de dessus pour femmes et fillettes
18.2G,Fabrication de vêtements de dessous
18.2J,Fabrication d'autres vêtements et accessoires
18.3Z,Industrie des fourrures
19.1Z,Apprêt et tannage des cuirs
19.2Z,Fabrication d'articles de voyage et de maroquinerie
19.3Z,Fabrication de chaussures
20.1A,Sciage et rabotage du bois
20.1B,Imprégnation du bois
20.2Z,Fabrication de panneaux de bois
20.3Z,Fabrication de charpentes et de menuiseries
20.4Z,Fabrication d'emballages en bois
20.5A,Fabrication d'objets divers en bois
20.5C,"Fabrication d'objets en liège, vannerie ou sparterie"
21.1A,Fabrication de pâte à papier
21.1C,Fabrication de papier et de carton
21.2A,Fabrication de carton ondulé
21.2B,Fabrication de cartonnages
21.2C,Fabrication d'emballages en papier
21.2E,Fabrication d'articles en papier à usage sanitaire ou domestique
21.2G,Fabrication d'articles de papeterie
21.2J,Fabrication de papiers peints
21.2L,Fabrication d'autres articles en papier ou en carton
22.1A,Edition de livres
22.1A,Édition de livres
22.1C,Édition de journaux
22.1E,Édition de revues et périodiques
22.1G,Édition d'enregistrements sonores
22.1J,Autres activités d'édition
22.2A,Imprimerie de journaux
22.2C,Autre imprimerie (labeur)
22.2E,Reliure
22.2G,Activités de pré-presse 
22.2J,Activités graphiques auxiliaires
22.3A,Reproduction d'enregistrements sonores
22.3C,Reproduction d'enregistrements vidéo
22.3E,Reproduction d'enregistrements informatiques
23.1Z,Cokéfaction
23.2Z,Raffinage de pétrole
23.3Z,Elaboration et transformation de matières nucléaires
23.3Z,Élaboration et transformation de matières nucléaires
24.1A,Fabrication de gaz industriels
24.1C,Fabrication de colorants et de pigments
24.1E,Fabrication d'autres produits chimiques inorganiques de base
24.1G,Fabrication d'autres produits chimiques organiques de base
24.1J,Fabrication de produits azotés et d'engrais
24.1L,Fabrication de matières plastiques de base
24.1N,Fabrication de caoutchouc synthétique
24.2Z,Fabrication de produits agrochimiques
24.3Z,Fabrication de peintures et vernis
24.4A,Fabrication de produits pharmaceutiques de base
24.4C,Fabrication de médicaments
24.4D,Fabrication d'autres produits pharmaceutiques
24.5A,"Fabrication de savons, détergents et produits d'entretien"
24.5C,Fabrication de parfums et de produits pour la toilette
24.6A,Fabrication de produits explosifs
24.6C,Fabrication de colles et gélatines
24.6E,Fabrication d'huiles essentielles
24.6G,Fabrication de produits chimiques pour la photographie
24.6J,Fabrication de supports de données
24.6L,Fabrication de produits chimiques à usage industriel
24.7Z,Fabrication de fibres artificielles ou synthétiques
25.1A,Fabrication de pneumatiques
25.1C,Rechapage de pneumatiques
25.1E,Fabrication d'autres articles en caoutchouc
25.2A,"Fabrication de plaques, feuilles, tubes et profilés en matières plastiques"
25.2C,Fabrication d'emballages en matières plastiques
25.2E,Fabrication d'éléments en matières plastiques pour la construction
25.2E,Fabrication d'éléments en matières plastiques pour la construction 
25.2G,Fabrication d'articles divers en matières plastiques
25.2H,Fabrication de pièces techniques en matières plastiques
26.1A,Fabrication de verre plat
26.1C,Façonnage et transformation du verre plat
26.1E,Fabrication de verre creux
26.1G,Fabrication de fibres de verre
26.1J,Fabrication et façonnage d'autres articles techniques en verre
26.1K,Fabrication d'isolateurs en verre
26.2A,Fabrication d'articles céramiques à usage domestique ou ornemental
26.2C,Fabrication d'appareils sanitaires en céramique
26.2E,Fabrication d'isolateurs et pièces isolantes en céramique
26.2G,Fabrication d'autres produits céramiques à usage technique
26.2J,Fabrication d'autres produits céramiques
26.2L,Fabrication de produits céramiques réfractaires
26.3Z,Fabrication de carreaux en céramique
26.4A,Fabrication de briques
26.4B,Fabrication de tuiles
26.4C,Fabrication de produits divers en terre cuite
26.5A,Fabrication de ciment
26.5C,Fabrication de chaux
26.5E,Fabrication de plâtre
26.6A,Fabrication d'éléments en béton pour la construction
26.6C,Fabrication d'éléments en plâtre pour la construction
26.6E,Fabrication de béton prêt à l'emploi
26.6G,Fabrication de mortiers et bétons secs
26.6J,Fabrication d'ouvrages en fibre-ciment
26.6L,Fabrication d'autres ouvrages en béton ou en plâtre
26.7Z,"Taille, façonnage et finissage de pierres ornementales et de construction"
26.8A,Fabrication de produits abrasifs
26.8C,Fabrication de produits minéraux non métalliques n.c.a.
27.1Y,Sidérurgie
27.2A,Fabrication de tubes en fonte
27.2C,Fabrication de tubes en acier
27.3A,Étirage à froid
27.3C,Laminage à froid de feuillards
27.3E,Profilage à froid par formage ou pliage
27.3G,Tréfilage à froid
27.4A,Production de métaux précieux
27.4C,Production d'aluminium
27.4D,Première transformation de l'aluminium
27.4F,"Production de plomb, de zinc ou d'étain"
27.4G,"Première transformation du plomb, du zinc ou de l'étain"
27.4J,Production de cuivre
27.4K,Première transformation du cuivre
27.4M,Métallurgie des autres métaux non ferreux
27.5A,Fonderie de fonte
27.5C,Fonderie d'acier
27.5E,Fonderie de métaux légers
27.5G,Fonderie d'autres métaux non ferreux
28.1A,Fabrication de constructions métalliques
28.1C,Fabrication de menuiseries et fermetures métalliques
28.2C,"Fabrication de réservoirs, citernes et conteneurs métalliques"
28.2D,Fabrication de radiateurs et de chaudières pour le chauffage central
28.3A,Fabrication de générateurs de vapeur
28.3B,Chaudronnerie nucléaire
28.3C,Chaudronnerie-tuyauterie
28.4A,"Forge, estampage, matriçage"
28.4B,"Découpage, emboutissage"
28.4C,Métallurgie des poudres
28.5A,Traitement et revêtement des métaux
28.5C,Décolletage
28.5D,Mécanique générale
28.6A,Fabrication de coutellerie
28.6C,Fabrication d'outillage à main
28.6D,Fabrication d'outillage mécanique
28.6F,Fabrication de serrures et de ferrures
28.7A,Fabrication de fûts et emballages métalliques similaires
28.7C,Fabrication d'emballages métalliques légers
28.7E,Fabrication d'articles en fils métalliques
28.7G,Visserie et boulonnerie
28.7H,Fabrication de ressorts
28.7J,Fabrication de chaînes
28.7L,Fabrication d'articles métalliques ménagers
28.7N,Fabrication de petits articles métalliques
28.7Q,Fabrication d'articles métalliques divers
29.1A,Fabrication de moteurs et turbines
29.1B,Fabrication de pompes
29.1D,Fabrication de transmissions hydrauliques et pneumatiques
29.1E,Fabrication de compresseurs
29.1F,Fabrication d'articles de robinetterie
29.1H,Fabrication de roulements
29.1J,Fabrication d'organes mécaniques de transmission
29.2A,Fabrication de fours et brûleurs
29.2C,"Fabrication d'ascenseurs, monte-charges et escaliers mécaniques"
29.2D,Fabrication d'équipements de levage et de manutention
29.2F,Fabrication d'équipements aérauliques et frigorifiques industriels
29.2H,Fabrication d'équipements d'emballage et de conditionnement
29.2J,Fabrication d'appareils de pesage
29.2L,Fabrication de matériels pour les industries chimiques
29.2M,Fabrication d'autres machines d'usage général
29.3A,Fabrication de tracteurs agricoles
29.3C,Réparation de matériel agricole
29.3D,Fabrication de matériel agricole
29.4A,Fabrication de machines-outils à métaux
29.4B,Fabrication de machines-outils à bois
29.4C,Fabrication de machines-outils portatives à moteur incorporé
29.4D,Fabrication de matériel de soudage
29.4E,Fabrication d'autres-machines outils
29.5A,Fabrication de machines pour la métallurgie
29.5B,Fabrication de matériels de mine pour l'extraction
29.5D,Fabrication de matériels de travaux publics
29.5E,Fabrication de machines pour l'industrie agroalimentaire
29.5G,Fabrication de machines pour les industries textiles
29.5J,Fabrication de machines pour les industries du papier et du carton
29.5L,Fabrication de machines d'imprimerie
29.5M,Fabrication de machines pour le travail du caoutchouc ou des plastiques
29.5N,Fabrication de moules et modèles
29.5Q,Fabrication de machines d'assemblage automatique
29.5R,Fabrication de machines spécialisées diverses
29.6A,Fabrication d'armement
29.6B,"Fabrication d'armes de chasse, de tir et de défense"
29.7A,Fabrication d'appareils électroménagers
29.7C,Fabrication d'appareils ménagers non électriques
30.0A,Fabrication de machines de bureau
30.0C,Fabrication d'ordinateurs et d'autres équipements informatiques
31.1A,"Fabrication de moteurs, génératrices et transformateurs électriques de petite et moyenne puissance"
31.1B,"Fabrication de moteurs, génératrices et transformateurs électriques de grande puissance"
31.1C,Réparation de matériels électriques
31.2A,Fabrication de matériel de distribution et de commande électrique pour basse tension
31.2B,Fabrication de matériel de distribution et de commande électrique pour haute tension
31.3Z,Fabrication de fils et câbles isolés
31.4Z,Fabrication d'accumulateurs et de piles électriques
31.5A,Fabrication de lampes
31.5B,Fabrication d'appareils électriques autonomes de sécurité
31.5C,Fabrication d'appareils d'éclairage
31.6A,Fabrication de matériels électriques pour moteurs et véhicules
31.6C,Fabrication de matériel électromagnétique industriel
31.6D,Fabrication de matériels électriques n.c.a.
32.1A,Fabrication de composants passifs et de condensateurs
32.1C,Fabrication de composants électroniques actifs
32.1D,Assemblage de cartes électroniques pour compte de tiers
32.2A,Fabrication d'équipements d'émission et de transmission hertzienne
32.2B,Fabrication d'appareils de téléphonie
32.3Z,"Fabrication d'appareils de réception, enregistrement ou reproduction du son et de l'image"
33.1A,Fabrication de matériel d'imagerie médicale et de radiologie
33.1B,Fabrication d'appareils médico-chirurgicaux
33.1B,Fabrication d'appareils médicaux-chirurgicaux
33.2A,Fabrication d'équipements d'aide à la navigation
33.2B,Fabrication d'instrumentation scientifique et technique
33.2B,Fabrication d'instruments scientifiques et techniques
33.3Z,Fabrication d'équipements de contrôle des processus industriels 
33.4A,Fabrication de lunettes
33.4B,Fabrication d'instruments d'optique et de matériel photographique
33.5Z,Horlogerie
34.1Z,Construction de véhicules automobiles
34.2A,Fabrication de carrosseries automobiles
34.2B,Fabrication de caravanes et véhicules de loisirs
34.3Z,Fabrication d'équipements automobiles
35.1A,Construction de bâtiments de guerre
35.1B,Construction de navires civils
35.1C,Réparation navale
35.1E,Construction de bateaux de plaisance
35.2Z,Construction de matériel ferroviaire roulant
35.3A,Construction de moteurs pour aéronefs
35.3B,Construction de cellules d'aéronefs
35.3C,Construction de lanceurs et engins spatiaux
35.4A,Fabrication de motocycles
35.4C,Fabrication de bicyclettes
35.4E,Fabrication de véhicules pour invalides
35.5Z,Fabrication de matériels de transport n.c.a.
36.1A,Fabrication de sièges
36.1C,Fabrication de meubles de bureau et de magasin
36.1E,Fabrication de meubles de cuisine 
36.1G,Fabrication de meubles meublant
36.1H,Fabrication de meubles de jardin et d'extérieur
36.1J,Fabrication de meubles n.c.a.
36.1K,Industries connexes de l'ameublement
36.1M,Fabrication de matelas
36.2A,Fabrication de monnaies
36.2C,"Bijouterie, joaillerie, orfèvrerie"
36.3Z,Fabrication d'instruments de musique
36.4Z,Fabrication d'articles de sport
36.4Z,fabrication d'articles de sport
36.5Z,Fabrication de jeux et jouets
36.6A,Bijouterie fantaisie
36.6C,Industrie de la brosserie
36.6E,Autres activités manufacturières n.c.a.
37.1Z,Récupération de matières métalliques recyclables
37.2Z,Récupération de matières non métalliques recyclables
40.1A,Production d'électricité
40.1C,Transport d'électricité
40.1E,Distribution et commerce d'électricité
40.2A,Production de gaz manufacturé
40.2C,Distribution de combustibles gazeux
40.3Z,Production et distribution de chaleur
41.0Z,"Captage, traitement et distribution d'eau"
45.1A,"Terrassements divers, démolition"
45.1B,Terrassements en grande masse
45.1D,Forages et sondages
45.2A,Construction de maisons individuelles
45.2B,Construction de bâtiments divers
45.2C,Construction d'ouvrages d'art
45.2D,Travaux souterrains
45.2E,Réalisation de réseaux
45.2F,Construction de lignes électriques et de télécommunication
45.2J,Travaux de couverture par éléments
45.2K,Travaux d'étanchéification
45.2L,Travaux de charpente
45.2N,Construction de voies ferrées
45.2P,Construction de chaussées routières et de sols sportifs
45.2R,Travaux maritimes et fluviaux
45.2T,"Levage, montage"
45.2U,Autres travaux spécialisés de construction
45.2V,Travaux de maçonnerie générale
45.3A,Travaux d'installation électrique
45.3A,Travaux d'installation électrique 
45.3C,Travaux d'isolation
45.3E,Installation d'eau et de gaz
45.3F,Installation d'équipements thermiques et de climatisation
45.3H,Autres travaux d'installation
45.4A,Plâtrerie
45.4C,Menuiserie bois et matières plastiques
45.4D,Menuiserie métallique ; serrurerie
45.4F,Revêtement des sols et des murs
45.4H,"Miroiterie de bâtiment, vitrerie"
45.4J,Peinture
45.4L,Agencement de lieux de vente
45.4M,Travaux de finition n.c.a.
45.5Z,Location avec opérateur de matériel de construction
50.1Z,Commerce de véhicules automobiles
50.2Z,Entretien et réparation de véhicules automobiles
50.3A,Commerce de gros d'équipements automobiles
50.3B,Commerce de détail d'équipements automobiles
50.4Z,Commerce et réparation de motocycles
50.5Z,Commerce de détail de carburants
51.1A,"Intermédiaires du commerce en matières premières agricoles, animaux vivants, matières premières textiles et demi-produits"
51.1C,"Intermédiaires du commerce en combustibles, métaux, minéraux et produits chimiques"
51.1E,Intermédiaires du commerce en bois et matériaux de construction
51.1G,"Intermédiaires du commerce en machines, équipements industriels, navires et avions"
51.1J,"Intermédiaires du commerce en meubles, articles de ménage et quincaillerie"
51.1L,"Intermédiaires du commerce en textiles, habillement, chaussures et articles en cuir"
51.1N,Intermédiaires du commerce en produits alimentaires
51.1P,Centrales d'achats alimentaires
51.1R,Autres intermédiaires spécialisés du commerce
51.1T,Intermédiaires non spécialisés du commerce
51.1U,Centrales d'achats non alimentaires
51.2A,Commerce de gros de céréales et aliments pour le bétail
51.2C,Commerce de gros de fleurs et plantes
51.2E,Commerce de gros d'animaux vivants
51.2G,Commerce de gros de cuirs et peaux
51.2J,Commerce de gros de tabac non manufacturé
51.3A,Commerce de gros de fruits et légumes
51.3C,Commerce de gros de viandes de boucherie
51.3D,Commerce de gros de produits à base de viande
51.3E,Commerce de gros de volailles et gibiers
51.3G,"Commerce de gros de produits laitiers, œufs, huiles"
51.3J,Commerce de gros de boissons
51.3L,Commerce de gros de tabac
51.3N,"Commerce de gros  de sucre, chocolat et confiserie"
51.3Q,"Commerce de gros de café, thé, cacao et épices"
51.3S,"Commerce de gros de poissons, crustacés et mollusques"
51.3T,Commerces de gros alimentaires spécialisés divers
51.3V,Commerce de gros de produits surgelés
51.3W,Commerce de gros alimentaire non spécialisé
51.4A,Commerce de gros de textiles
51.4C,Commerce de gros d'habillement
51.4D,Commerce de gros de la chaussure
51.4F,Commerce de gros d'appareils électroménagers et de radios et télévisions
51.4H,Commerce de gros de vaisselle et verrerie de ménage
51.4J,Commerce de gros de produits pour l'entretien et  l'aménagement de l'habitat
51.4L,Commerce de gros de parfumerie et de produits de beauté
51.4N,Commerce de gros de produits pharmaceutiques
51.4Q,Commerce de gros de papeterie
51.4R,Commerce de gros de jouets
51.4S,Autres commerces de gros de biens de consommation
51.5A,Commerce de gros de combustibles
51.5C,Commerce de gros de minerais et métaux
51.5E,Commerce de gros de bois et de produits dérivés
51.5F,Commerce de gros de matériaux de construction et d'appareils sanitaires
51.5H,Commerce de gros de quincaillerie
51.5J,Commerce de gros de fournitures pour plomberie et chauffage
51.5L,Commerce de gros de produits chimiques
51.5N,Commerce de gros d'autres produits intermédiaires
51.5Q,Commerce de gros de déchets et débris
51.8A,Commerce de gros de machines-outils
51.8C,"Commerce de gros de machines pour l'extraction, la construction et le génie civil"
51.8E,Commerce de gros de machines pour l'industrie textile et l'habillement
51.8G,"Commerce de gros d'ordinateurs, d'équipements informatiques périphériques et de progiciels"
51.8H,Commerce de gros d'autres machines et équipements de bureau
51.8J,Commerce de gros de composants et d'autres équipements électroniques
51.8L,Commerce de gros de matériel électrique
51.8M,Commerce de gros de fournitures et équipements industriels divers
51.8N,Commerce de gros de fournitures et équipements divers pour le commerce et les services
51.8P,Commerce de gros de matériel agricole
51.9A,Autres commerces de gros spécialisés
51.9B,Commerce de gros non spécialisé
52.1A,Commerce de détail de produits surgelés
52.1B,Commerce d'alimentation générale
52.1C,Supérettes
52.1D,Supermarchés
52.1E,Magasins populaires
52.1F,Hypermarchés
52.1H,Grands magasins
52.1J,Autres commerces de détail en magasin non spécialisé
52.2A,Commerce de détail de fruits et légumes
52.2C,Commerce de détail de viandes et produits à base de viande
52.2E,"Commerce de détail de poissons, crustacés et mollusques"
52.2G,"Commerce de détail de pain, pâtisserie et confiserie"
52.2J,Commerce de détail de boissons
52.2L,Commerce de détail de tabac
52.2N,Commerce de détail de produits laitiers
52.2P,Commerces de détail alimentaires spécialisés divers
52.3A,Commerce de détail de produits pharmaceutiques
52.3C,Commerce de détail d'articles médicaux et orthopédiques
52.3E,Commerce de détail de parfumerie et de produits de beauté
52.4A,Commerce de détail de textiles
52.4C,Commerce de détail d'habillement
52.4E,Commerce de détail de la chaussure
52.4F,Commerce de détail de maroquinerie et d'articles de voyage
52.4H,Commerce de détail de meubles
52.4J,Commerce de détail d'équipement du foyer
52.4L,"Commerce de détail d'appareils électroménagers, de radio et de télévision"
52.4N,Commerce de détail de quincaillerie
52.4P,Commerce de détail de bricolage
52.4R,"Commerce de détail de livres, journaux et papeterie"
52.4T,Commerce de détail d'optique et de photographie
52.4U,Commerce de détail de revêtements de sols et de murs
52.4V,Commerce de détail d'horlogerie et de bijouterie
52.4W,Commerce de détail d'articles de sport et de loisir
52.4X,Commerce de détail de fleurs
52.4Y,Commerce de détail de charbons et combustibles
52.4Z,Commerces de détail divers en magasin spécialisé
52.5Z,Commerce de détail de biens d'occasion
52.6A,Vente par correspondance sur catalogue général
52.6B,Vente par correspondance spécialisée
52.6D,Commerce de détail alimentaire sur éventaires et marchés
52.6E,Commerce de détail non alimentaire sur éventaires et marchés
52.6G,Vente à domicile
52.6H,Vente par automate
52.7A,Réparation de chaussures et d'articles en cuir
52.7C,Réparation de matériel électronique grand public
52.7D,Réparation d'appareils électroménagers
52.7F,"Réparation de montres, horloges et bijoux"
52.7H,Réparation d'articles personnels et domestiques n.c.a.
55.1A,Hôtels touristiques avec restaurant
55.1C,Hôtels touristiques sans restaurant
55.1E,Autres hôtels
55.2A,Auberges de jeunesse et refuges
55.2C,Exploitation de terrains de camping
55.2E,Autre hébergement touristique
55.2F,Hébergement collectif non touristique
55.3A,Restaurants de type traditionnel
55.3B,Restauration de type rapide
55.4A,Cafés tabacs
55.4B,Débits de boissons
55.4C,Discothèques
55.5A,Cantines et restaurants d'entreprises
55.5C,Restauration collective sous contrat
55.5D,"Traiteurs, organisation de réceptions"
60.1Z,Transports ferroviaires
60.2A,Transports urbains de voyageurs
60.2B,Transports routiers réguliers de voyageurs
60.2C,"Téléphériques, remontées mécaniques"
60.2E,Transport de voyageurs par taxis
60.2G,Autres transports routiers de voyageurs
60.2L,Transports routiers de marchandises de proximité
60.2M,Transports routiers de marchandises interurbains
60.2N,Déménagement
60.2P,Location de camions avec conducteur
60.3Z,Transports par conduites
61.1A,Transports maritimes
61.1B,Transports côtiers
61.2Z,Transports fluviaux
62.1Z,Transports aériens réguliers
62.2Z,Transports aériens non réguliers
62.3Z,Transports spatiaux
63.1A,Manutention portuaire
63.1B,Manutention non portuaire
63.1D,Entreposage frigorifique
63.1E,Entreposage non frigorifique
63.2A,Gestion d'infrastructures de transports terrestres
63.2C,"Services portuaires, maritimes et fluviaux"
63.2E,Services aéroportuaires
63.3Z,Agences de voyage
63.4A,"Messagerie, fret express"
63.4B,Affrètement
63.4C,Organisation des transports internationaux
64.1A,Postes nationales
64.1C,Autres activités de courrier
64.2C,Télécommunications (hors transmission audiovisuelle)
64.2D,Transmission d'émissions de radio et de télévision
65.1A,Banque centrale
65.1C,Banques
65.1D,Banques mutualistes
65.1E,Caisses d'épargne
65.1F,Intermédiations monétaires n.c.a. 
65.2A,Crédit bail
65.2C,Distribution de crédit
65.2E,Organismes de placement en valeurs mobilières
65.2F,Intermédiations financières diverses
66.0A,Assurance-vie et capitalisation
66.0C,Caisses de retraite
66.0E,Assurance dommages
66.0F,Réassurance
66.0G,Assurance relevant du code de la mutualité
67.1A,Administration de marchés financiers
67.1C,Gestion de portefeuilles
67.1E,Autres auxiliaires financiers
67.2Z,Auxiliaires d'assurance
70.1A,Promotion immobilière de logements
70.1B,Promotion immobilière de bureaux
70.1C,Promotion immobilière d'infrastructures
70.1D,Supports juridiques de programmes
70.1F,Marchands de biens immobiliers
70.2A,Location de logements
70.2B,Location de terrains
70.2C,Location d'autres biens immobiliers
70.3A,Agences immobilières
70.3C,Administration d'immeubles résidentiels
70.3D,Administration d'autres biens immobiliers
70.3E,Supports juridiques de gestion de patrimoine 
70.3E,Supports juridiques de gestion de patrimoine
71.1A,Location de courte durée de véhicules automobiles
71.1B,Location de longue durée de véhicules automobiles
71.2A,Location d'autres matériels de transport terrestre
71.2C,Location de matériels de transport par eau
71.2E,Location d'appareils de transport aérien
71.3A,Location de matériel agricole
71.3C,Location de machines et équipements pour la construction
71.3E,Location de machines de bureau et de matériel informatique
71.3G,Location de machines et équipements divers
71.4A,Location de linge
71.4B,Location d'autres biens personnels et domestiques
72.1Z,Conseil en systèmes informatiques
72.2A,Edition de logiciels (non personnalisés)
72.2C,Autres activités de réalisation de logiciels
72.3Z,Traitement de données
72.4Z,Activités de banques de données
72.5Z,Entretien et réparation de machines de bureau et de matériel informatique
72.5Z,Entretien et réparation de machines de bureau et de matériel informatiques 
72.6Z,Autres activités rattachées à l'informatique
73.1Z,Recherche-développement en sciences physiques et naturelles
73.2Z,Recherche-développement en sciences humaines et sociales
74.1A,Activités juridiques
74.1C,Activités comptables
74.1E,Études de marché et sondages
74.1G,Conseils pour les affaires et la gestion
74.1G,Conseil pour les affaires et la gestion
74.1J,Administration d'entreprises
74.2A,Activités d'architecture 
74.2B,"Métreurs, géomètres"
74.2C,"Ingénierie, études techniques"
74.3A,Contrôle technique automobile
74.3B,"Analyses, essais et inspections techniques"
74.4A,Gestion de supports de publicité
74.4B,"Agences, conseil en publicité"
74.5A,Sélection et mise à disposition de personnel
74.5B,Travail temporaire
74.6Z,Enquêtes et sécurité
74.7Z,Activités de nettoyage
74.8A,Studios et autres activités photographiques
74.8B,Laboratoires techniques de développement et de tirage
74.8D,Conditionnement à façon
74.8F,Secrétariat et traduction
74.8G,Routage
74.8H,Centres d'appel
74.8J,Organisation de foires et salons
74.8K,Services annexes à la production
75.1A,Administration publique générale
75.1C,Tutelle des activités sociales
75.1E,Tutelle des activités économiques
75.1G,Activités de soutien aux administration
75.1G,Activités de soutien aux administrations
75.2A,Affaires étrangères
75.2C,Défense
75.2E,Justice
75.2G,Police
75.2J,Protection civile
75.3A,Activités générales de sécurité sociale
75.3B,Gestion des retraites complémentaires
75.3C,Distribution sociale de revenus
80.1Z,Enseignement primaire
80.2A,Enseignement secondaire général
80.2C,Enseignement secondaire technique ou professionnel
80.3Z,Enseignement supérieur
80.4A,Ecoles de conduite
80.4C,Formation des adultes et formation continue
80.4D,Autres enseignements
85.1A,Activités hospitalières
85.1C,Pratique médicale
85.1E,Pratique dentaire
85.1G,Activités des auxiliaires médicaux
85.1H,Soins hors d'un cadre réglementé
85.1J,Ambulances
85.1K,Laboratoires d'analyses médicales
85.1L,Centres de collecte et banques d'organes
85.2Z,Activités vétérinaires
85.3A,Accueil des enfants handicapés
85.3B,Accueil des enfants en difficultés
85.3C,Accueil des adultes handicapés
85.3D,Accueil des personnes âgées
85.3E,Autres hébergements sociaux
85.3G,Crèches et garderies d'enfants
85.3H,"Aide par le travail, ateliers protégés"
85.3J,Aide à domicile
85.3K,Autres formes d'action sociale
90.0A,Collecte et traitement des eaux usées
90.0B,Enlèvement et traitement des ordures ménagères
90.0E,Traitement des autres déchets
90.0G,Autres travaux d'assainissement et de voirie
91.1A,Organisations patronales et consulaires
91.1C,Organisations professionnelles
91.2Z,Syndicats de  
91.3A,Organisations religieuses
91.3C,Organisations politiques
91.3E,Organisations associatives n.c.a.
92.1A,Production de films pour la télévision
92.1B,Production de films institutionnels et publicitaires
92.1C,Production de films pour le cinéma
92.1D,Prestations techniques pour le cinéma et la télévision
92.1F,Distribution de films cinématographiques
92.1G,Édition et distribution vidéo
92.1J,Projection de films cinématographiques
92.2A,Activités de radio
92.2B,Production de programmes de télévision
92.2D,Edition de chaînes généralistes
92.2E,Edition de chaînes thématiques
92.2F,Distribution de bouquets de programmes de radio et de télévision
92.3A,Activités artistiques
92.3B,Services annexes aux spectacles
92.3D,Gestion de salles de spectacle
92.3F,Manèges forains et parcs d'attractions
92.3K,Activités diverses du spectacle
92.4Z,Agences de presse
92.5A,Gestion des bibliothèques
92.5C,Gestion du patrimoine culturel
92.5E,Gestion du patrimoine naturel
92.6A,Gestion d'installations sportives
92.6C,Autres activités sportives
92.7A,Jeux de hasard et d'argent
92.7C,Autres activités récréatives
93.0A,Blanchisserie - teinturerie de gros
93.0B,Blanchisserie - teinturerie de détail
93.0D,Coiffure
93.0E,Soins de beauté
93.0G,Soins aux défunts
93.0H,Pompes funèbres
93.0K,Activités thermales et de thalassothérapie
93.0L,Autres soins corporels
93.0N,Autres services personnels
95.0Z,Activités des ménages en tant qu'employeur de personnel domestique
96.0Z,Activités indifférenciées des ménages en tant que producteurs de biens pour usage propre
97.0Z,Activités indifférenciées des ménages en tant que producteurs de services pour usage propre
99.0Z,Activités extra-territoriales
01.11Z,"Culture de céréales (à l'exception du riz), de légumineuses et de graines oléagineuses"
01.12Z,Culture du riz
01.13Z,"Culture de légumes, de melons, de racines et de tubercules"
01.14Z,Culture de la canne à sucre
01.15Z,Culture du tabac
01.16Z,Culture de plantes à fibres
01.19Z,Autres cultures non permanentes
01.26Z,Culture de fruits oléagineux
01.28Z,"Culture de plantes à épices, aromatiques, médicinales et pharmaceutiques"
01.29Z,Autres cultures permanentes
01.63Z,Traitement primaire des récoltes
01.64Z,Traitement des semences
02.30Z,Récolte de produits forestiers non ligneux poussant à l'état sauvage
01.25Z,Culture d'autres fruits d'arbres ou d'arbustes et de fruits à coque
01.30Z,Reproduction de plantes
02.10Z,Sylviculture et autres activités forestières
01.22Z,Culture de fruits tropicaux et subtropicaux
01.23Z,Culture d'agrumes
01.24Z,Culture de fruits à pépins et à noyau
01.27Z,Culture de plantes à boissons
10.41A,Fabrication d'huiles et graisses brutes
01.21Z,Culture de la vigne
11.02A,Fabrication de vins effervescents
11.02B,Vinification
01.41Z,Élevage de vaches laitières
01.42Z,Élevage d'autres bovins et de buffles
01.43Z,Élevage de chevaux et d'autres équidés
01.45Z,Élevage d'ovins et de caprins
01.49Z,Élevage d'autres animaux
01.62Z,Activités de soutien à la production animale
10.11Z,Transformation et conservation de la  viande de boucherie
01.46Z,Élevage de porcins
01.47Z,Élevage de volailles
01.44Z,Élevage de chameaux et d'autres camélidés
03.22Z,Aquaculture en eau douce
01.50Z,Culture et élevage associés
01.61Z,Activités de soutien aux cultures
10.39A,Autre transformation et conservation de légumes
10.39B,Transformation et conservation de fruits
81.30Z,Services d'aménagement paysager 
01.70Z,"Chasse, piégeage et services annexes"
94.99Z,Autres organisations fonctionnant par adhésion volontaire
02.20Z,Exploitation forestière
16.10A,"Sciage et rabotage du bois, hors imprégnation"
02.40Z,Services de soutien à l'exploitation forestière
03.11Z,Pêche en mer
03.12Z,Pêche en eau douce
70.22Z,Conseil pour les affaires et autres conseils de gestion
03.21Z,Aquaculture en mer
05.10Z,Extraction de houille
09.90Z,Activités de soutien aux autres industries extractives 
19.20Z,Raffinage du pétrole
05.20Z,Extraction de lignite
08.92Z,Extraction de tourbe
06.10Z,Extraction de pétrole brut
06.20Z,Extraction de gaz naturel
09.10Z,Activités de soutien à l'extraction d'hydrocarbures
07.21Z,Extraction de minerais d'uranium et de thorium
07.10Z,Extraction de minerais de fer
07.29Z,Extraction d'autres minerais de métaux non ferreux
08.11Z,"Extraction de pierres ornementales et de construction, de calcaire industriel, de gypse, de craie et d'ardoise"
08.12Z,"Exploitation de gravières et sablières, extraction d’argiles et de kaolin"
08.91Z,Extraction des minéraux chimiques et d'engrais minéraux 
08.93Z,Production de sel 
10.84Z,Fabrication de condiments et assaisonnements
08.99Z,Autres activités extractives n.c.a.
38.21Z,Traitement et élimination des déchets non dangereux
10.11Z,Transformation et conservation de la viande de boucherie
10.12Z,Transformation et conservation de la viande de volaille
10.13A,Préparation industrielle de produits à base de viande
10.85Z,Fabrication de plats préparés
10.89Z,Fabrication d'autres produits alimentaires n.c.a.
10.13B,Charcuterie
56.10C,Restauration de type rapide
10.20Z,"Transformation et conservation de poisson, de crustacés et de mollusques"
10.31Z,Transformation et conservation de pommes de terre
10.32Z,Préparation de jus de fruits et légumes
10.41B,Fabrication d'huiles et graisses raffinées
10.42Z,Fabrication de margarine et graisses comestibles similaires
10.51A,Fabrication de lait liquide et de produits frais
10.51B,Fabrication de beurre
10.51C,Fabrication de fromage
10.51D,Fabrication d'autres produits laitiers
10.52Z,Fabrication de glaces et sorbets
10.61A,Meunerie
10.61B,Autres activités du travail des grains
10.62Z,Fabrication de produits amylacés
10.91Z,Fabrication d'aliments pour animaux de ferme
10.92Z,Fabrication d'aliments pour animaux de compagnie
10.71A,Fabrication industrielle de pain et de pâtisserie fraîche
10.71B,Cuisson de produits de boulangerie
10.71C,Boulangerie et boulangerie-pâtisserie
10.71D,Pâtisserie
10.72Z,"Fabrication de biscuits, biscottes et pâtisseries de conservation"
10.81Z,Fabrication de sucre
10.82Z,"Fabrication de cacao, chocolat et de produits de confiserie"
10.73Z,Fabrication de pâtes alimentaires
10.83Z,Transformation du thé et du café
10.86Z,Fabrication d'aliments homogénéisés et diététiques
11.01Z,Production de boissons alcooliques distillées
20.14Z,Fabrication d'autres produits chimiques organiques de base
11.03Z,Fabrication de cidre et de vins de fruits 
11.04Z,Production d'autres boissons fermentées non distillées
11.05Z,Fabrication de bière
11.06Z,Fabrication de malt
11.07A,Industrie des eaux de table
11.07B,Production de boissons rafraîchissantes
12.00Z,Fabrication de produits à base de tabac
13.10Z,Préparation de fibres textiles et filature
13.20Z,Tissage
13.30Z,Ennoblissement textile
13.92Z,"Fabrication d'articles textiles, sauf habillement"
32.50A,Fabrication de matériel médico-chirurgical et dentaire
32.50A,Fabrication de matériels médico-chirurgical et dentaire
33.19Z,Réparation d'autres équipements
13.93Z,Fabrication de tapis et moquettes
13.94Z,"Fabrication de ficelles, cordes et filets"
13.95Z,"Fabrication de non-tissés, sauf habillement"
13.96Z,Fabrication d'autres textiles techniques et industriels
13.99Z,Fabrication d'autres textiles n.c.a.
17.22Z,Fabrication d'articles en papier à usage sanitaire ou domestique
13.91Z,Fabrication d'étoffes à mailles
14.19Z,Fabrication d'autres vêtements et accessoires
14.31Z,Fabrication d'articles chaussants à mailles
14.39Z,Fabrication d'autres articles à mailles
14.11Z,Fabrication de vêtements en cuir
32.99Z,Autres activités manufacturières n.c.a. 
14.12Z,Fabrication de vêtements de travail
14.13Z,Fabrication de vêtements de dessus
14.14Z,Fabrication de vêtements de dessous
14.20Z,Fabrication d'articles en fourrure
15.11Z,Apprêt et tannage des cuirs ; préparation et teinture des fourrures
15.12Z,"Fabrication d'articles de voyage, de maroquinerie et de sellerie"
15.20Z,Fabrication de chaussures
16.29Z,"Fabrication d'objets divers en bois ; fabrication d'objets en liège, vannerie et sparterie"
22.19Z,Fabrication d'autres articles en caoutchouc
22.29B,Fabrication de produits de consommation courante en matières plastiques
32.30Z,Fabrication d'articles de sport
16.10B,Imprégnation du bois
16.21Z,Fabrication de placage et de panneaux de bois
16.22Z,Fabrication de parquets assemblés
16.23Z,Fabrication de charpentes et d'autres menuiseries
43.32A,Travaux de menuiserie bois et PVC
43.91A,Travaux de charpente
16.24Z,Fabrication d'emballages en bois
16.29Z,"Fabrication d'objets divers en bois; fabrication d'objets en liège, vannerie et sparterie"
17.11Z,Fabrication de pâte à papier
17.12Z,Fabrication de papier et de carton
17.21A,Fabrication de carton ondulé
17.21B,Fabrication de cartonnages 
17.21C,Fabrication d'emballages en papier
18.12Z,Autre imprimerie (labeur)
17.23Z,Fabrication d'articles de papeterie
17.24Z,Fabrication de papiers peints
17.29Z,Fabrication d'autres articles en papier ou en carton
58.11Z,Édition de livres
58.12Z,Édition de répertoires et de fichiers d'adresses
58.13Z,Édition de journaux
58.14Z,Édition de revues et périodiques
59.20Z,Enregistrement sonore et édition musicale 
58.19Z,Autres activités d'édition
18.11Z,Imprimerie de journaux
18.14Z,Reliure et activités connexes
18.13Z,Activités de pré-presse 
18.20Z,Reproduction d'enregistrements
19.10Z,Cokéfaction
20.13A,Enrichissement et  retraitement de matières nucléaires
21.20Z,Fabrication de préparations pharmaceutiques
24.46Z,Élaboration et transformation de matières nucléaires
38.12Z,Collecte des déchets dangereux
38.22Z,Traitement et élimination des déchets dangereux
20.11Z,Fabrication de gaz industriels
20.12Z,Fabrication de colorants et de pigments
20.13B,Fabrication d'autres produits chimiques inorganiques de base n.c.a.
20.15Z,Fabrication de produits azotés et d'engrais
20.16Z,Fabrication de matières plastiques de base
20.17Z,Fabrication de caoutchouc synthétique
20.20Z,Fabrication de pesticides et d’autres produits agrochimiques
20.30Z,"Fabrication de peintures, vernis, encres et mastics"
21.10Z,Fabrication de produits pharmaceutiques de base
32.50A,Fabrication de matériel chirurgical et dentaire
20.41Z,"Fabrication de savons, détergents et produits d'entretien"
20.42Z,Fabrication de parfums et de produits pour la toilette
20.51Z,Fabrication de produits explosifs
20.52Z,Fabrication de colles
20.59Z,Fabrication d'autres produits chimiques n.c.a.
20.53Z,Fabrication d'huiles essentielles
26.80Z,Fabrication de supports magnétiques et optiques
26.11Z,Fabrication de composants électroniques
20.60Z,Fabrication de fibres artificielles ou synthétiques
22.11Z,Fabrication et rechapage de pneumatiques
22.21Z,"Fabrication de plaques, feuilles, tubes et profilés en matières plastiques"
33.20D,"Installation d'équipements électriques, de matériels électroniques et optiques ou d'autres matériels"
22.22Z,Fabrication d'emballages en matières plastiques
22.23Z,Fabrication d'éléments en matières plastiques pour la construction
27.33Z,Fabrication de matériel d'installation électrique
22.29A,Fabrication de pièces techniques à base de matières plastiques
23.11Z,Fabrication de verre plat
23.12Z,Façonnage et transformation du verre plat
23.13Z,Fabrication de verre creux
23.14Z,Fabrication de fibres de verre
23.19Z,"Fabrication et façonnage d'autres articles en verre, y compris verre technique"
23.41Z,Fabrication d'articles céramiques à usage domestique ou ornemental
23.42Z,Fabrication d'appareils sanitaires en céramique
23.43Z,Fabrication d'isolateurs et pièces isolantes en céramique
23.44Z,Fabrication d'autres produits céramiques à usage technique
23.49Z,Fabrication d'autres produits céramiques
23.20Z,Fabrication de produits réfractaires
23.31Z,Fabrication de carreaux en céramique
23.32Z,"Fabrication de briques, tuiles et produits de construction, en terre cuite"
23.51Z,Fabrication de ciment
23.52Z,Fabrication de chaux et plâtre
23.61Z,Fabrication d'éléments en béton pour la construction
23.62Z,Fabrication d'éléments en plâtre pour la construction
23.63Z,Fabrication de béton prêt à l'emploi
23.64Z,Fabrication de mortiers et bétons secs
23.65Z,Fabrication d'ouvrages en fibre-ciment
23.69Z,"Fabrication d'autres ouvrages en béton, en ciment ou en plâtre"
23.70Z,"Taille, façonnage et finissage de pierres"
23.91Z,Fabrication de produits abrasifs
23.99Z,Fabrication d'autres produits minéraux non métalliques n.c.a.
24.10Z,Sidérurgie
24.51Z,Fonderie de fonte
24.52Z,Fonderie d'acier
24.20Z,"Fabrication de tubes, tuyaux, profilés creux et accessoires correspondants en acier "
24.31Z,Étirage à froid de barres
24.32Z,Laminage à froid de feuillards
24.33Z,Profilage à froid par formage ou pliage
24.34Z,Tréfilage à froid
24.41Z,Production de métaux précieux
24.42Z,Métallurgie de l'aluminium
24.43Z,"Métallurgie du plomb, du zinc ou de l'étain"
24.44Z,Métallurgie du cuivre
24.45Z,Métallurgie des autres métaux non ferreux
24.53Z,Fonderie de métaux légers
24.54Z,Fonderie d'autres métaux non ferreux
25.11Z,Fabrication de structures métalliques et de parties de structures
33.11Z,Réparation d'ouvrages en métaux
43.99B,Travaux de montage de structures métalliques
25.12Z,Fabrication de portes et fenêtres en métal
43.32B,Travaux de menuiserie métallique et serrurerie
25.29Z,"Fabrication d'autres réservoirs, citernes et conteneurs métalliques"
33.20A,"Installation de structures métalliques, chaudronnées et de tuyauterie"
25.21Z,Fabrication de radiateurs et de chaudières pour le chauffage central
25.30Z,"Fabrication de générateurs de vapeur, à l'exception des chaudières pour le chauffage central"
25.50A,"Forge, estampage, matriçage ; métallurgie des poudres"
25.50B,"Découpage, emboutissage"
25.61Z,Traitement et revêtement des métaux
25.62A,Décolletage
25.62B,Mécanique industrielle
33.12Z,Réparation de machines et équipements mécaniques
25.71Z,Fabrication de coutellerie
25.73B,Fabrication d'autres outillages
28.49Z,Fabrication d'autres machines-outils 
25.72Z,Fabrication de serrures et de ferrures
25.91Z,Fabrication de fûts et emballages métalliques similaires
25.92Z,Fabrication d'emballages métalliques légers
25.93Z,"Fabrication d'articles en fils métalliques, de chaînes et de ressorts"
25.94Z,Fabrication de vis et de boulons
25.99A,Fabrication d'articles métalliques ménagers
25.99B,Fabrication d'autres articles métalliques
28.11Z,"Fabrication de moteurs et turbines, à l'exception des moteurs d’avions et de véhicules"
33.20B,Installation de machines et équipements mécaniques
28.12Z,Fabrication d'équipements hydrauliques et pneumatiques
28.13Z,Fabrication d'autres pompes et compresseurs
28.14Z,Fabrication d'autres articles de robinetterie
28.15Z,Fabrication d'engrenages et d'organes mécaniques de transmission
28.21Z,Fabrication de fours et brûleurs
28.22Z,Fabrication de matériel de levage et de manutention
43.29B,Autres travaux d'installation n.c.a.
28.25Z,Fabrication d'équipements aérauliques et frigorifiques industriels
28.29A,"Fabrication d'équipements d'emballage, de conditionnement et de pesage "
28.29B,Fabrication d'autres machines d'usage général
33.13Z,Réparation de matériels électroniques et optiques
28.30Z,Fabrication de machines agricoles et forestières
95.22Z,Réparation d'appareils électroménagers et d'équipements pour la maison et le jardin
28.93Z,Fabrication de machines pour l'industrie agro-alimentaire
28.41Z,Fabrication de machines-outils pour le travail des métaux
28.24Z,Fabrication d'outillage portatif à moteur incorporé
27.90Z,Fabrication d'autres matériels électriques
28.91Z,Fabrication de machines pour la métallurgie
28.92Z,Fabrication de machines pour l'extraction ou la construction
28.94Z,Fabrication de machines pour les industries textiles
28.95Z,Fabrication de machines pour les industries du papier et du carton
28.99A,Fabrication de machines d'imprimerie
28.96Z,Fabrication de machines pour le travail du caoutchouc ou des plastiques
25.73A,Fabrication de moules et modèles
28.99B,Fabrication d'autres machines spécialisées
25.40Z,Fabrication d'armes et de munitions
30.30Z,Construction aéronautique et spatiale 
30.40Z,Construction de véhicules militaires de combat 
27.51Z,Fabrication d'appareils électroménagers
33.14Z,Réparation d'équipements électriques
27.52Z,Fabrication d'appareils ménagers non électriques
26.20Z,Fabrication d'ordinateurs et d'équipements périphériques
28.23Z,Fabrication de machines et d'équipements de bureau (à l'exception des ordinateurs et équipements périphériques)
62.09Z,Autres activités informatiques
27.11Z,"Fabrication de moteurs, génératrices et transformateurs électriques"
27.12Z,Fabrication de matériel de distribution et de commande électrique
27.31Z,Fabrication de câbles de fibres optiques
27.32Z,Fabrication d'autres fils et câbles électroniques ou électriques
27.20Z,Fabrication de piles et d'accumulateurs électriques
27.40Z,Fabrication d'appareils d'éclairage électrique
29.31Z,Fabrication d'équipements électriques et électroniques automobiles
26.30Z,Fabrication d'équipements de communication 
26.51B,Fabrication d'instrumentation scientifique et technique
26.12Z,Fabrication de cartes électroniques assemblées
95.12Z,Réparation d'équipements de communication
26.40Z,Fabrication de produits électroniques grand public
26.70Z,Fabrication de matériels optique et photographique
26.60Z,"Fabrication d'équipements d'irradiation médicale, d'équipements électromédicaux et électrothérapeutiques "
31.01Z,Fabrication de meubles de bureau et de magasin
26.51A,Fabrication d'équipements d'aide à la navigation
33.20C,Conception d'ensemble et assemblage sur site industriel d'équipements de contrôle des processus industriels 
32.50B,Fabrication de lunettes
26.52Z,Horlogerie
32.12Z,Fabrication d’articles de joaillerie et bijouterie
32.13Z,Fabrication d’articles de bijouterie fantaisie et articles similaires
29.10Z,Construction de véhicules automobiles
29.32Z,Fabrication d'autres équipements automobiles
30.91Z,Fabrication de motocycles
29.20Z,Fabrication de carrosseries et remorques
30.11Z,Construction de navires et de structures flottantes
33.15Z,Réparation et maintenance navale
30.12Z,Construction de bateaux de plaisance
30.20Z,Construction de locomotives et d'autre matériel ferroviaire roulant 
33.17Z,Réparation et maintenance d'autres équipements de transport
33.16Z,Réparation et maintenance d'aéronefs et d'engins spatiaux 
30.92Z,Fabrication de bicyclettes et de véhicules pour invalides
30.99Z,Fabrication d’autres équipements de transport n.c.a.
31.02Z,Fabrication de meubles de cuisine 
31.09A,Fabrication de sièges d'ameublement d'intérieur
31.09B,Fabrication d’autres meubles et industries connexes de l’ameublement
95.24Z,Réparation de meubles et d'équipements du foyer
31.09B,Fabrication d'autres meubles et industries connexes de l'ameublement
31.03Z,Fabrication de matelas
32.11Z,Frappe de monnaie
32.20Z,Fabrication d'instruments de musique
95.29Z,Réparation d'autres biens personnels et domestiques
32.40Z,Fabrication de jeux et jouets
32.91Z,Fabrication d’articles de brosserie
38.31Z,Démantèlement d'épaves
38.32Z,Récupération de déchets triés
35.11Z,Production d'électricité
35.12Z,Transport d'électricité
35.13Z,Distribution d'électricité
35.14Z,Commerce d'électricité
35.21Z,Production de combustibles gazeux
35.22Z,Distribution de combustibles gazeux par conduites
35.23Z,Commerce de combustibles gazeux par conduites
35.30Z,Production et distribution de vapeur et d'air conditionné 
36.00Z,"Captage, traitement et distribution d'eau"
37.00Z,Collecte et traitement des eaux usées
43.11Z,Travaux de démolition
43.12A,Travaux de terrassement courants et travaux préparatoires
43.12B,Travaux de terrassement spécialisés ou de grande masse
43.13Z,Forages et sondages
41.20A,Construction de maisons individuelles
43.99C,Travaux de maçonnerie générale et gros œuvre de bâtiment
41.20B,Construction d'autres bâtiments
42.13A,Construction d'ouvrages d'art
42.21Z,Construction de réseaux pour fluides
42.22Z,Construction de réseaux électriques et de télécommunications
42.99Z,Construction d'autres ouvrages de génie civil n.c.a.
43.99D,Autres travaux spécialisés de construction
42.12Z,Construction de voies ferrées de surface et souterraines
42.13B,Construction et entretien de tunnels
43.91B,Travaux de couverture par éléments
43.99A,Travaux d'étanchéification
42.11Z,Construction de routes et autoroutes
42.91Z,Construction d'ouvrages maritimes et fluviaux
39.00Z,Dépollution et autres services de gestion des déchets
43.21A,Travaux d'installation électrique dans tous locaux
43.22B,Travaux d' installation d'équipements thermiques et de climatisation
80.20Z,Activités liées aux systèmes de sécurité 
43.29A,Travaux d'isolation
43.22A,Travaux d'installation d'eau et de gaz en tous locaux
43.21B,Travaux d'installation électrique sur la voie publique
43.31Z,Travaux de plâtrerie
43.33Z,Travaux de revêtement des sols et des murs
43.34Z,Travaux de peinture et vitrerie
43.32C,Agencement de lieux de vente
43.39Z,Autres travaux de finition 
43.99E,Location avec opérateur de matériel de construction
45.11Z,Commerce de voitures et de véhicules automobiles légers
45.19Z,Commerce d'autres véhicules automobiles
45.20A,Entretien et réparation de véhicules automobiles légers
45.20B,Entretien et réparation d'autres véhicules automobiles
52.21Z,Services auxiliaires des transports terrestres
45.31Z,Commerce de gros d'équipements automobiles
45.32Z,Commerce de détail d'équipements automobiles
45.40Z,Commerce et réparation de motocycles
47.30Z,Commerce de détail de carburants en magasin spécialisé
46.11Z,"Intermédiaires du commerce en matières premières agricoles, animaux vivants, matières premières textiles et produits semi-finis"
46.12B,"Autres intermédiaires du commerce en combustibles, métaux, minéraux et produits chimiques"
46.13Z,Intermédiaires du commerce en bois et matériaux de construction
46.14Z,"Intermédiaires du commerce en machines, équipements industriels, navires et avions"
46.15Z,"Intermédiaires du commerce en meubles, articles de ménage et quincaillerie"
46.16Z,"Intermédiaires du commerce en textiles, habillement, fourrures, chaussures et articles en cuir"
46.17B,"Autres intermédiaires du commerce en denrées, boissons et tabac"
46.17A,Centrales d'achat alimentaires
46.18Z,Intermédiaires spécialisés dans le commerce d'autres produits spécifiques
46.19B,Autres intermédiaires du commerce en produits divers
46.12A,Centrales d'achat de carburant
46.19A,Centrales d'achat non alimentaires
46.21Z,"Commerce de gros (commerce interentreprises) de céréales, de tabac non manufacturé, de semences et d'aliments pour le bétail "
46.22Z,Commerce de gros (commerce interentreprises) de fleurs et plantes
46.23Z,Commerce de gros (commerce interentreprises) d'animaux vivants
46.24Z,Commerce de gros (commerce interentreprises) de cuirs et peaux
46.31Z,Commerce de gros (commerce interentreprises) de fruits et légumes
46.32A,Commerce de gros (commerce interentreprises) de viandes de boucherie
46.32B,Commerce de gros (commerce interentreprises) de produits à base de viande
46.32C,Commerce de gros (commerce interentreprises) de volailles et gibier
46.33Z,"Commerce de gros (commerce interentreprises) de produits laitiers, œufs, huiles et matières grasses comestibles"
46.34Z,Commerce de gros (commerce interentreprises) de boissons
46.35Z,Commerce de gros (commerce interentreprises) de produits à base de tabac
46.36Z,"Commerce de gros (commerce interentreprises) de sucre, chocolat et confiserie"
46.37Z,"Commerce de gros (commerce interentreprises) de café, thé, cacao et épices"
46.38A,"Commerce de gros (commerce interentreprises) de poissons, crustacés et mollusques"
46.38B,Commerce de gros (commerce interentreprises) alimentaire spécialisé divers
46.39A,Commerce de gros (commerce interentreprises) de produits surgelés
46.39B,Commerce de gros (commerce interentreprises) alimentaire non spécialisé
46.41Z,Commerce de gros (commerce interentreprises) de textiles
46.42Z,Commerce de gros (commerce interentreprises) d'habillement et de chaussures
46.43Z,Commerce de gros (commerce interentreprises) d'appareils électroménagers
46.47Z,"Commerce de gros (commerce interentreprises) de meubles, de tapis et d'appareils d'éclairage "
46.52Z,Commerce de gros (commerce interentreprises) de composants et d'équipements électroniques et de télécommunication
46.44Z,"Commerce de gros (commerce interentreprises) de vaisselle, verrerie et produits d'entretien"
46.49Z,Commerce de gros (commerce interentreprises) d'autres biens domestiques 
46.73B,Commerce de gros (commerce interentreprises) d'appareils sanitaires et de produits de décoration
46.45Z,Commerce de gros (commerce interentreprises) de parfumerie et de produits de beauté
46.46Z,Commerce de gros (commerce interentreprises) de produits pharmaceutiques
46.48Z,Commerce de gros (commerce interentreprises) d'articles d'horlogerie et de bijouterie
46.71Z,Commerce de gros (commerce interentreprises) de combustibles et de produits annexes
46.72Z,Commerce de gros (commerce interentreprises) de minerais et métaux
46.73A,Commerce de gros (commerce interentreprises) de bois et de matériaux de construction 
46.73A,Commerce de gros (commerce interentreprises) de bois et de matériaux de construction
46.74A,Commerce de gros (commerce interentreprises) de quincaillerie
46.74B,Commerce de gros (commerce interentreprises) de fournitures pour la plomberie et le chauffage
46.75Z,Commerce de gros (commerce interentreprises) de produits chimiques
46.76Z,Commerce de gros (commerce interentreprises) d'autres produits intermédiaires
46.77Z,Commerce de gros (commerce interentreprises) de déchets et débris
46.62Z,Commerce de gros (commerce interentreprises) de machines-outils
46.63Z,"Commerce de gros (commerce interentreprises) de machines pour l'extraction, la construction et le génie civil "
46.64Z,Commerce de gros (commerce interentreprises) de machines pour l'industrie textile et l'habillement
46.51Z,"Commerce de gros (commerce interentreprises) d'ordinateurs, d'équipements informatiques périphériques et de logiciels"
46.65Z,Commerce de gros (commerce interentreprises) de mobilier de bureau
46.66Z,Commerce de gros (commerce interentreprises) d'autres machines et équipements de bureau 
46.69A,Commerce de gros (commerce interentreprises) de matériel électrique
46.69B,Commerce de gros (commerce interentreprises) de fournitures et équipements industriels divers
46.69C,Commerce de gros (commerce interentreprises) de fournitures et équipements divers pour le commerce et les services
46.61Z,Commerce de gros (commerce interentreprises) de matériel agricole
46.90Z,Commerce de gros (commerce interentreprises) non spécialisé
47.11A,Commerce de détail de produits surgelés
47.11B,Commerce d'alimentation générale
47.11C,Supérettes
47.11D,Supermarchés
47.11E,Magasins multi-commerces
47.11F,Hypermarchés
47.19A,Grands magasins
47.19B,Autres commerces de détail en magasin non spécialisé
47.21Z,Commerce de détail de fruits et légumes en magasin spécialisé
47.22Z,Commerce de détail de viandes et de produits à base de viande en magasin spécialisé
47.23Z,"Commerce de détail de poissons, crustacés et mollusques en magasin spécialisé"
47.24Z,"Commerce de détail de pain, pâtisserie et confiserie en magasin spécialisé"
47.25Z,Commerce de détail de boissons en magasin spécialisé
47.26Z,Commerce de détail de produits à base de tabac en magasin spécialisé
47.29Z,Autres commerces de détail alimentaires en magasin spécialisé 
47.73Z,Commerce de détail de produits pharmaceutiques en magasin spécialisé
47.74Z,Commerce de détail d'articles médicaux et orthopédiques en magasin spécialisé
47.75Z,Commerce de détail de parfumerie et de produits de beauté en magasin spécialisé
47.51Z,Commerce de détail de textiles en magasin spécialisé
47.71Z,Commerce de détail d'habillement en magasin spécialisé
47.72A,Commerce de détail de la chaussure
47.72B,Commerce de détail de maroquinerie et d'articles de voyage
47.59A,Commerce de détail de meubles
47.53Z,"Commerce de détail de tapis, moquettes et revêtements de murs et de sols en magasin spécialisé"
47.59B,Commerce de détail d'autres équipements du foyer
47.43Z,Commerce de détail de matériels audio et vidéo en magasin spécialisé
47.54Z,Commerce de détail d'appareils électroménagers en magasin spécialisé
47.63Z,Commerce de détail d'enregistrements musicaux et vidéo en magasin spécialisé
47.52A,"Commerce de détail de quincaillerie, peintures et verres en petites surfaces (moins de 400  m2)"
47.52B,"Commerce de détail de quincaillerie, peintures et verres en grandes surfaces (400 m2 et plus)"
47.61Z,Commerce de détail de livres en magasin spécialisé
47.62Z,Commerce de détail de journaux et papeterie en magasin spécialisé
47.78A,Commerces de détail d'optique
47.78C,Autres commerces de détail spécialisés divers
47.77Z,Commerce de détail d'articles d'horlogerie et de bijouterie en magasin spécialisé
47.64Z,Commerce de détail d'articles de sport en magasin spécialisé
47.76Z,"Commerce de détail de fleurs, plantes, graines, engrais, animaux de compagnie et aliments pour ces animaux en magasin spécialisé"
47.78B,Commerces de détail de charbons et combustibles
47.41Z,"Commerce de détail d'ordinateurs, d'unités périphériques et de logiciels en magasin spécialisé"
47.42Z,Commerce de détail de matériels de télécommunication en magasin spécialisé
47.65Z,Commerce de détail de jeux et jouets en magasin spécialisé
47.79Z,Commerce de détail de biens d'occasion en magasin
47.91A,Vente à distance sur catalogue général
47.91B,Vente à distance sur catalogue spécialisé
47.81Z,Commerce de détail alimentaire sur éventaires et marchés
47.82Z,"Commerce de détail de textiles, d'habillement et de chaussures sur éventaires et marchés"
47.89Z,Autres commerces de détail sur éventaires et marchés
47.99A,Vente à domicile
47.99B,"Vente par automates et autres commerces de détail hors magasin, éventaires ou marchés n.c.a."
95.23Z,Réparation de chaussures et d'articles en cuir
95.21Z,Réparation de produits électroniques grand public
95.25Z,Réparation d'articles d'horlogerie et de bijouterie
55.10Z,Hôtels et hébergement similaire 
55.20Z,Hébergement touristique et autre hébergement de courte durée 
55.30Z,Terrains de camping et parcs pour caravanes ou véhicules de loisirs
55.90Z,Autres hébergements 
56.10A,Restauration traditionnelle
56.10B,Cafétérias et autres libres-services
56.30Z,Débits de boissons
93.29Z,Autres activités récréatives et de loisirs
56.29B,Autres services de restauration n.c.a.
56.29A,Restauration collective sous contrat
56.21Z,Services des traiteurs 
49.10Z,Transport ferroviaire interurbain de voyageurs
49.20Z,Transports ferroviaires de fret 
49.31Z,Transports urbains et suburbains de voyageurs
49.39A,Transports routiers réguliers de voyageurs
49.39C,Téléphériques et remontées mécaniques
49.32Z,Transports de voyageurs par taxis
49.39B,Autres transports routiers de voyageurs 
49.41B,Transports routiers de fret de proximité
49.41A,Transports routiers de fret interurbains
49.42Z,Services de déménagement
49.41C,Location de camions avec chauffeur
49.50Z,Transports par conduites
50.10Z,Transports maritimes et côtiers de passagers
50.20Z,Transports maritimes et côtiers de fret
52.22Z,Services auxiliaires des transports par eau
50.30Z,Transports fluviaux de passagers
50.40Z,Transports fluviaux de fret 
51.10Z,Transports aériens de passagers
51.21Z,Transports aériens de fret
51.22Z,Transports spatiaux
52.23Z,Services auxiliaires des transports aériens
52.24A,Manutention portuaire
52.24B,Manutention non portuaire
52.10A,Entreposage et stockage frigorifique
52.10B,Entreposage et stockage non frigorifique
85.32Z,Enseignement secondaire technique ou professionnel
85.42Z,Enseignement supérieur
79.11Z,Activités des agences de voyage
79.12Z,Activités des voyagistes
79.90Z,Autres services de réservation et activités connexes
52.29A,"Messagerie, fret express"
52.29B,Affrètement et organisation des transports 
74.90B,"Activités spécialisées, scientifiques et techniques diverses"
53.10Z,Activités de poste dans le cadre d'une obligation de service universel 
82.19Z,"Photocopie, préparation de documents et autres activités spécialisées de soutien de bureau"
53.20Z,Autres activités de poste et de courrier
61.10Z,Télécommunications filaires
61.20Z,Télécommunications sans fil 
61.30Z,Télécommunications par satellite
61.90Z,Autres activités de télécommunication 
64.11Z,Activités de banque centrale
64.19Z,Autres intermédiations monétaires
64.91Z,Crédit-bail 
64.92Z,Autre distribution de crédit
64.99Z,"Autres activités des services financiers, hors assurance et caisses de retraite, n.c.a."
64.20Z,Activités des sociétés holding
64.30Z,Fonds de placement et entités financières similaires
65.11Z,Assurance vie
65.20Z,Réassurance
65.30Z,Caisses de retraite
65.12Z,Autres assurances
66.11Z,Administration de marchés financiers
66.12Z,Courtage de valeurs mobilières et de marchandises
66.30Z,Gestion de fonds
66.19B,"Autres activités auxiliaires de services financiers, hors assurance et caisses de retraite, n.c.a."
66.21Z,Évaluation des risques et dommages
66.22Z,Activités des agents et courtiers d'assurances
66.29Z,Autres activités auxiliaires d'assurance et de caisses de retraite
41.10A,Promotion immobilière de logements
41.10B,Promotion immobilière de bureaux
41.10C,Promotion immobilière d'autres bâtiments
41.10D,Supports juridiques de programmes
68.10Z,Activités des marchands de biens immobiliers
68.20A,Location de logements
68.20B,Location de terrains et d'autres biens immobiliers
68.31Z,Agences immobilières
68.32A,Administration d'immeubles et autres biens immobiliers
81.10Z,Activités combinées de soutien lié aux bâtiments 
66.19A,Supports juridiques de gestion de patrimoine mobilier
68.32B,Supports juridiques de gestion de patrimoine immobilier
77.11A,Location de courte durée de voitures et de véhicules automobiles légers
77.11B,Location de longue durée de voitures et de véhicules automobiles légers
77.12Z,Location et location-bail de camions
77.39Z,"Location et location-bail d'autres machines, équipements et biens matériels n.c.a. "
77.34Z,Location et location-bail de matériels de transport par eau
77.35Z,Location et location-bail de matériels de transport aérien
77.31Z,Location et location-bail de machines et équipements agricoles
77.32Z,Location et location-bail de machines et équipements pour la construction
77.33Z,Location et location-bail de machines de bureau et de matériel informatique
77.29Z,Location et location-bail d'autres biens personnels et domestiques
96.01A,Blanchisserie-teinturerie de gros
77.21Z,Location et location-bail d'articles de loisirs et de sport 
77.22Z,Location de vidéocassettes et disques vidéo
62.02A,Conseil en systèmes et logiciels informatiques
58.21Z,Édition de jeux électroniques
58.29A,Édition de logiciels système et de réseau
58.29B,Edition de logiciels outils de développement et de langages
58.29C,Edition de logiciels applicatifs
62.01Z,Programmation informatique
62.02B,Tierce maintenance de systèmes et d’applications informatiques
62.03Z,Gestion d'installations informatiques
63.11Z,"Traitement de données, hébergement et activités connexes"
60.10Z,Édition et diffusion de programmes radio
60.20A,Edition de chaînes généralistes
60.20B,Edition de chaînes thématiques
63.12Z,Portails Internet
95.11Z,Réparation d'ordinateurs et d'équipements périphériques
72.11Z,Recherche-développement en biotechnologie
72.19Z,Recherche-développement en autres sciences physiques et naturelles
72.20Z,Recherche-développement en sciences humaines et sociales
69.10Z,Activités juridiques
69.20Z,Activités comptables
73.20Z,Études de marché et sondages
70.21Z,Conseil en relations publiques et communication
85.60Z,Activités de soutien à l'enseignement
70.10Z,Activités des sièges sociaux
71.11Z,Activités d'architecture 
71.12B,"Ingénierie, études techniques"
71.12A,Activité des géomètres
74.90A,Activité des économistes de la construction
71.20A,Contrôle technique automobile
71.20B,"Analyses, essais et inspections techniques"
73.11Z,Activités des agences de publicité
73.12Z,Régie publicitaire de médias
78.10Z,Activités des agences de placement de main-d'œuvre 
78.30Z,Autre mise à disposition de ressources humaines
78.20Z,Activités des agences de travail temporaire 
80.10Z,Activités de sécurité privée 
80.30Z,Activités d'enquête
81.21Z,Nettoyage courant des bâtiments
81.22Z,Autres activités de nettoyage des bâtiments et nettoyage industriel
81.29A,"Désinfection, désinsectisation, dératisation"
81.29B,Autres activités de nettoyage n.c.a.
74.20Z,Activités photographiques
82.92Z,Activités de conditionnement
74.30Z,Traduction et interprétation
82.11Z,Services administratifs combinés de bureau
82.99Z,Autres activités de soutien aux entreprises n.c.a.
82.20Z,Activités de centres d'appels
82.30Z,"Organisation de foires, salons professionnels et congrès"
63.99Z,Autres services d'information n.c.a.
74.10Z,Activités spécialisées de design
77.40Z,"Location-bail de propriété intellectuelle et de produits similaires, à l'exception des œuvres soumises à copyright"
82.91Z,Activités des agences de recouvrement de factures et des sociétés d'information financière sur la clientèle
90.02Z,Activités de soutien au spectacle vivant
84.11Z,Administration publique générale
84.12Z,"Administration publique (tutelle) de la santé, de la formation, de la culture et des services sociaux, autre que sécurité sociale "
84.13Z,Administration publique (tutelle) des activités économiques
91.01Z,Gestion des bibliothèques et des archives
84.21Z,Affaires étrangères
88.99B,Action sociale sans hébergement n.c.a.
84.22Z,Défense
84.23Z,Justice
84.24Z,Activités d’ordre public et de sécurité
84.25Z,Services du feu et de secours
84.30A,Activités générales de sécurité sociale
84.30B,Gestion des retraites complémentaires
84.30C,Distribution sociale de revenus
85.10Z,Enseignement pré-primaire
85.20Z,Enseignement primaire
85.31Z,Enseignement secondaire général
85.41Z,Enseignement post-secondaire non supérieur
85.53Z,Enseignement de la conduite
85.51Z,Enseignement de disciplines sportives et d'activités de loisirs
85.59A,Formation continue d'adultes
85.52Z,Enseignement culturel
85.59B,Autres enseignements
86.10Z,Activités hospitalières
87.10A,Hébergement médicalisé pour personnes âgées
87.20A,Hébergement social pour handicapés mentaux et malades mentaux 
87.20B,Hébergement social pour toxicomanes
86.21Z,Activité des médecins généralistes
86.22A,Activités de radiodiagnostic et de radiothérapie
86.22B,Activités chirurgicales
86.22C,Autres activités des médecins spécialistes
86.23Z,Pratique dentaire
86.90D,Activités des infirmiers et des sages-femmes
86.90E,"Activités des professionnels de la rééducation, de l’appareillage et des pédicures-podologues"
86.90F,Activités de santé humaine non classées ailleurs
87.10B,Hébergement médicalisés pour enfants handicapés 
87.10C,"Hébergement médicalisé pour adultes handicapés et autre hébergement médicalisé 
"
87.30A,Hébergement social pour personnes âgées
87.30B,Hébergement social pour handicapés  physiques
86.90A,Ambulances
86.90B,Laboratoires d'analyses médicales
86.90C,Centres de collecte et banques d'organes
75.00Z,Activités vétérinaires
87.90A,Hébergement social pour enfants en difficultés 
87.90B,Hébergement social pour adultes et familles en difficultés et autre hébergement social 
88.91A,Accueil de jeunes enfants
88.10B,Accueil ou accompagnement sans hébergement d’adultes handicapés ou de  personnes âgées
88.10C,Aide par le travail 
88.91B,Accueil ou accompagnement sans hébergement d’enfants handicapés
88.10A,Aide à domicile  
88.99A,"Autre accueil ou accompagnement sans hébergement d’enfants
 et d’adolescents
"
38.11Z,Collecte des déchets non dangereux
94.11Z,Activités des organisations patronales et consulaires
94.12Z,Activités des organisations professionnelles
94.20Z,Activités des syndicats de  
94.91Z,Activités des organisations religieuses
94.92Z,Activités des organisations politiques
59.11A,Production de films et de programmes pour la télévision 
59.11B,Production de films institutionnels et publicitaires
59.11C,Production de films pour le cinéma
59.12Z,"Post-production de films cinématographiques, de vidéo et de programmes de télévision"
59.13A,Distribution de films cinématographiques
59.13B,Edition et distribution vidéo
59.14Z,Projection de films cinématographiques
90.01Z,Arts du spectacle vivant
90.03A,Création artistique relevant des arts plastiques
90.03B,Autre création artistique
90.04Z,Gestion de salles de spectacles
93.21Z,Activités des parcs d'attractions et parcs à thèmes
63.91Z,Activités des agences de presse
91.02Z,Gestion des musées
91.03Z,Gestion des sites et monuments historiques et des attractions touristiques similaires
91.04Z,Gestion des jardins botaniques et zoologiques et des réserves naturelles
93.11Z,Gestion d'installations sportives
93.12Z,Activités de clubs de sports
93.19Z,Autres activités liées au sport
92.00Z,Organisation de jeux de hasard et d'argent
96.01B,Blanchisserie-teinturerie de détail
96.02A,Coiffure
96.02B,Soins de beauté
96.03Z,Services funéraires
96.04Z,Entretien corporel
93.13Z,Activités des centres de culture physique
96.09Z,Autres services personnels n.c.a.
97.00Z,Activités des ménages en tant qu'employeurs de personnel domestique
98.10Z,Activités indifférenciées des ménages en tant que producteurs de biens pour usage propre
98.20Z,Activités indifférenciées des ménages en tant que producteurs de services pour usage propre
99.00Z,Activités des organisations et organismes extraterritoriaux
